objectid,filename,youtubeid,vimeoid,title,creator,date,description,subject,location,latitude,longitude,source,identifier,type,format,language,rights,rightsstatement
demo_001,demo_006.jpeg,,,amapola,creator,1924,"Example locally hosted image item. Photographic postcard of the University of Idaho administration building in Moscow, Idaho.",La vorágine,"Moscow, Idaho",46.725562,-117.009633,"PG 9, Postcard Collection, Special Collections and Archives, University of Idaho Library",pg_9_12_01bl,Image;StillImage,image/jpeg,eng,Public Domain,https://creativecommons.org/publicdomain/mark/1.0/
demo_002,demo_006.jpeg,,,araucaria,creator,1924,"Example locally hosted PDF item. Postcard is of the Spokane County Courthouse in Spokane, Washington. Postmark 9/8/1912, Spokane, WA. Destination San Francisco, CA.",La vorágine,"Spokane, Washington",47.66432,-117.428031,"PG 107, Knowles Postcard Collection, Special Collections and Archives, University of Idaho Library",Postcard_032,Image;StillImage,image/jpeg,eng,Public Domain,https://creativecommons.org/publicdomain/mark/1.0/
demo_003,demo_006.jpeg,,,borraja,creator,1924,Example locally hosted audio item. A short excerpt from a Psychiana radio program episode that begins with assurance that there is a Power that can get people what they desire. Robinson then discusses his early life failures and childhood seeking of some force that could turn his failures into success. He asserts the God-Power can turn our failures into success and bring us material and spiritual abundance.,La vorágine,"Moscow, Idaho",46.733001,-116.991779,"Psychiana Digital Collection, Digital Initiatives, University of Idaho Library, https://www.lib.uidaho.edu/digital/psychiana/",Good_News_08,Audio,image/jpeg,eng,"In Copyright - Educational Use Permitted. For more information, please contact University of Idaho Library Special Collections and Archives Department at libspec@uidaho.edu.",http://rightsstatements.org/vocab/InC-EDU/1.0/
demo_004,fern.png,,,caucho,creator,1924,"Example YouTube video item. Idaho Football vs. University of Southern California 10/30/1925 at Neale Stadium in Moscow, ID. Score: 7 - 51 (L).",La vorágine,"Moscow, Idaho",46.726113,-117.015671,"Vandal Video Collection, Digital Initiatives, University of Idaho Library, https://www.lib.uidaho.edu/digital/vandalvideo/","MG 23, Item 29",Image;MovingImage,image/png,eng,"In Copyright - Educational Use Permitted. For more information, please contact University of Idaho Library Special Collections and Archives Department at libspec@uidaho.edu.",http://rightsstatements.org/vocab/InC-EDU/1.0/
demo_005,fern.png,,,habano,creator,1924,Example Vimeo video item. Oral history interview with poet K. Silem Mohammad discussing recent changes in writing practices that occurred due to the advent of the computer and the arrival of the digital age.,La vorágine,"Ashland, OR",42.1916714,-122.728533,"CTRL+Shift, Center for Digital Inquiry and Learning, University of Idaho Library, https://ctrl-shift.org/",,Image;MovingImage,image/png,eng,"In Copyright - Educational Use Permitted. For more information, please contact University of Idaho Library Special Collections and Archives Department at libspec@uidaho.edu.",http://rightsstatements.org/vocab/InC-EDU/1.0/
demo_006,fern.png,,,junco,creator,1924,Example image item externally hosted on CONTENTdm. Ford pumper used for slash burning control. September 1932. From the photo series depicting the broadcast burn at the mouth of Benton Creek.,La vorágine,Bonner County;Priest River Experimental Forest;Benton Creek,48.34472222,-116.8483333,"Experimental Forest and Savenac Nursery Archive, Digital Initiatives, University of Idaho Library, https://www.lib.uidaho.edu/digital/expforest/",FirePump1,Image;StillImage,image/png,eng,"Material produced by the United States Forest Service and is in Public Domain. For more information, please contact University of Idaho Library Special Collections and Archives Department at libspec@uidaho.edu.",https://creativecommons.org/publicdomain/mark/1.0/
demo_007,fern.png,,,mango,creator,1924,Example metadata-only record with link to external source. Journal article.,La vorágine,Bonneville Dam,45.6442837,-121.9428256,"North American Journal of Fisheries Management, vol. 23, issue 4, p. 1215-1224. DOI: 10.1577/M02-113",DOI:10.1577/M02-113,Text,image/png,eng,"Metadata-only record, please check publication for rights",
demo_008,fern.png,,,palmera de macanilla ,creator,1924,"Example locally hosted image item. Photographic postcard of the University of Idaho administration building in Moscow, Idaho.",La vorágine,"Moscow, Idaho",45.37218761,-121.3345346,"PG 9, Postcard Collection, Special Collections and Archives, University of Idaho Library",pg_9_12_01bl,Image;StillImage,image/png,eng,Public Domain,https://creativecommons.org/publicdomain/mark/1.0/
demo_009,fern.png,,,algarrobo,creator,1924,"Example locally hosted PDF item. Postcard is of the Spokane County Courthouse in Spokane, Washington. Postmark 9/8/1912, Spokane, WA. Destination San Francisco, CA.",La vorágine,"Spokane, Washington",45.14274618,-122.0265681,"PG 107, Knowles Postcard Collection, Special Collections and Archives, University of Idaho Library",Postcard_033,Image;StillImage,image/png,eng,Public Domain,https://creativecommons.org/publicdomain/mark/1.0/
demo_010,fern.png,,,samán,creator,1924,Example locally hosted audio item. A short excerpt from a Psychiana radio program episode that begins with assurance that there is a Power that can get people what they desire. Robinson then discusses his early life failures and childhood seeking of some force that could turn his failures into success. He asserts the God-Power can turn our failures into success and bring us material and spiritual abundance.,La vorágine,"Moscow, Idaho",44.91330475,-122.7186015,"Psychiana Digital Collection, Digital Initiatives, University of Idaho Library, https://www.lib.uidaho.edu/digital/psychiana/",Good_News_09,Audio,image/png,eng,"In Copyright - Educational Use Permitted. For more information, please contact University of Idaho Library Special Collections and Archives Department at libspec@uidaho.edu.",http://rightsstatements.org/vocab/InC-EDU/1.0/
demo_011,fern.png,,,totuma,creator,1924,"Example YouTube video item. Idaho Football vs. University of Southern California 10/30/1925 at Neale Stadium in Moscow, ID. Score: 7 - 51 (L).",La vorágine,"Moscow, Idaho",44.68386332,-123.4106349,"Vandal Video Collection, Digital Initiatives, University of Idaho Library, https://www.lib.uidaho.edu/digital/vandalvideo/","MG 23, Item 30",Image;MovingImage,image/png,eng,"In Copyright - Educational Use Permitted. For more information, please contact University of Idaho Library Special Collections and Archives Department at libspec@uidaho.edu.",http://rightsstatements.org/vocab/InC-EDU/1.0/
demo_012,fern.png,,,orquidea,creator,1924,Example Vimeo video item. Oral history interview with poet K. Silem Mohammad discussing recent changes in writing practices that occurred due to the advent of the computer and the arrival of the digital age.,La vorágine,"Ashland, OR",44.45442189,-124.1026684,"CTRL+Shift, Center for Digital Inquiry and Learning, University of Idaho Library, https://ctrl-shift.org/",,Image;MovingImage,image/png,eng,"In Copyright - Educational Use Permitted. For more information, please contact University of Idaho Library Special Collections and Archives Department at libspec@uidaho.edu.",http://rightsstatements.org/vocab/InC-EDU/1.0/
demo_013,fern.png,,,gramalote,creator,1924,Example image item externally hosted on CONTENTdm. Ford pumper used for slash burning control. September 1932. From the photo series depicting the broadcast burn at the mouth of Benton Creek.,La vorágine,Bonner County;Priest River Experimental Forest;Benton Creek,44.22498045,-124.7947018,"Experimental Forest and Savenac Nursery Archive, Digital Initiatives, University of Idaho Library, https://www.lib.uidaho.edu/digital/expforest/",FirePump2,Image;StillImage,image/png,eng,"Material produced by the United States Forest Service and is in Public Domain. For more information, please contact University of Idaho Library Special Collections and Archives Department at libspec@uidaho.edu.",https://creativecommons.org/publicdomain/mark/1.0/
demo_014,fern.png,,,cambur,creator,1924,Example metadata-only record with link to external source. Journal article.,La vorágine,Bonneville Dam,43.99553902,-125.4867353,"North American Journal of Fisheries Management, vol. 23, issue 4, p. 1215-1224. DOI: 10.1577/M02-114",DOI:10.1577/M02-114,Text,image/png,eng,"Metadata-only record, please check publication for rights",
demo_015,fern.png,,,yuca,creator,1923,Example image item externally hosted on CONTENTdm. Ford pumper used for slash burning control. September 1932. From the photo series depicting the broadcast burn at the mouth of Benton Creek.,La vorágine,Bonner County;Priest River Experimental Forest;Benton Creek,43.76609759,-126.1787687,"CTRL+Shift, Center for Digital Inquiry and Learning, University of Idaho Library, https://ctrl-shift.org/","MG 23, Item 31",Image;MovingImage,image/png,eng,"In Copyright - Educational Use Permitted. For more information, please contact University of Idaho Library Special Collections and Archives Department at libspec@uidaho.edu.",http://rightsstatements.org/vocab/InC-EDU/1.0/
demo_016,fern.png,,,corozo,creator,1923,Example metadata-only record with link to external source. Journal article.,La vorágine,Bonneville Dam,43.53665616,-126.8708022,"Experimental Forest and Savenac Nursery Archive, Digital Initiatives, University of Idaho Library, https://www.lib.uidaho.edu/digital/expforest/",,Image;MovingImage,image/png,eng,"In Copyright - Educational Use Permitted. For more information, please contact University of Idaho Library Special Collections and Archives Department at libspec@uidaho.edu.",http://rightsstatements.org/vocab/InC-EDU/1.0/
demo_017,fern.png,,,achiote,creator,1923,Example image item externally hosted on CONTENTdm. Ford pumper used for slash burning control. September 1932. From the photo series depicting the broadcast burn at the mouth of Benton Creek.,La vorágine,Bonner County;Priest River Experimental Forest;Benton Creek,43.30721473,-127.5628356,"North American Journal of Fisheries Management, vol. 23, issue 4, p. 1215-1224. DOI: 10.1577/M02-115",FirePump3,Image;StillImage,image/png,eng,"Material produced by the United States Forest Service and is in Public Domain. For more information, please contact University of Idaho Library Special Collections and Archives Department at libspec@uidaho.edu.",https://creativecommons.org/publicdomain/mark/1.0/
demo_018,fern.png,,,yopo,creator,1923,Example metadata-only record with link to external source. Journal article.,La vorágine,Bonneville Dam,43.0777733,-128.254869,"CTRL+Shift, Center for Digital Inquiry and Learning, University of Idaho Library, https://ctrl-shift.org/",DOI:10.1577/M02-115,Text,image/png,eng,"Metadata-only record, please check publication for rights",
demo_019,fern.png,,,yagé,creator,1923,Example image item externally hosted on CONTENTdm. Ford pumper used for slash burning control. September 1932. From the photo series depicting the broadcast burn at the mouth of Benton Creek.,La vorágine,Bonner County;Priest River Experimental Forest;Benton Creek,42.84833187,-128.9469025,"Experimental Forest and Savenac Nursery Archive, Digital Initiatives, University of Idaho Library, https://www.lib.uidaho.edu/digital/expforest/","MG 23, Item 32",Image;MovingImage,image/png,eng,"In Copyright - Educational Use Permitted. For more information, please contact University of Idaho Library Special Collections and Archives Department at libspec@uidaho.edu.",http://rightsstatements.org/vocab/InC-EDU/1.0/
demo_020,fern.png,,,guamo,creator,1923,Example metadata-only record with link to external source. Journal article.,La vorágine,Bonneville Dam,42.61889044,-129.6389359,"North American Journal of Fisheries Management, vol. 23, issue 4, p. 1215-1224. DOI: 10.1577/M02-116",,Image;MovingImage,image/png,eng,"In Copyright - Educational Use Permitted. For more information, please contact University of Idaho Library Special Collections and Archives Department at libspec@uidaho.edu.",http://rightsstatements.org/vocab/InC-EDU/1.0/
demo_021,fern.png,,,siringa,creator,1923,Example image item externally hosted on CONTENTdm. Ford pumper used for slash burning control. September 1932. From the photo series depicting the broadcast burn at the mouth of Benton Creek.,La vorágine,Bonner County;Priest River Experimental Forest;Benton Creek,42.38944901,-130.3309694,"CTRL+Shift, Center for Digital Inquiry and Learning, University of Idaho Library, https://ctrl-shift.org/",FirePump4,Image;StillImage,image/png,eng,"Material produced by the United States Forest Service and is in Public Domain. For more information, please contact University of Idaho Library Special Collections and Archives Department at libspec@uidaho.edu.",https://creativecommons.org/publicdomain/mark/1.0/
